{
  "anchors": [
    2.38,
    2.64,
    1.84,
    2.31,
    2.0,
    2.53,
    1.53,
    1.91,
    1.66,
    2.19
  ],
  "inputs": {
    "input0": [
      224,
      224,
      3
    ]
  },
  "outputs": {
    "output0": [
      7,
      7,
      65
    ]
  },
  "params_quantity": 1882961,
  "loss": [
    [
      1,
      1.80314
    ],
    [
      2,
      0.6739
    ],
    [
      3,
      0.40007
    ],
    [
      4,
      0.29782
    ],
    [
      5,
      0.27117
    ],
    [
      6,
      1.09062
    ],
    [
      7,
      0.55164
    ],
    [
      8,
      0.54653
    ],
    [
      9,
      0.30563
    ],
    [
      10,
      0.21499
    ],
    [
      11,
      0.1535
    ],
    [
      12,
      0.11424
    ],
    [
      13,
      0.09183
    ],
    [
      14,
      0.0915
    ],
    [
      15,
      0.06379
    ],
    [
      16,
      0.05955
    ],
    [
      17,
      0.0423
    ],
    [
      18,
      0.03358
    ],
    [
      19,
      0.03164
    ],
    [
      20,
      0.02703
    ],
    [
      21,
      0.02565
    ],
    [
      22,
      0.02301
    ],
    [
      23,
      0.02505
    ],
    [
      24,
      0.01969
    ],
    [
      25,
      0.01959
    ],
    [
      26,
      0.02195
    ],
    [
      27,
      0.02005
    ],
    [
      28,
      0.01737
    ],
    [
      29,
      0.01479
    ],
    [
      30,
      0.01617
    ],
    [
      31,
      0.01513
    ],
    [
      32,
      0.0116
    ],
    [
      33,
      0.01214
    ],
    [
      34,
      0.01261
    ],
    [
      35,
      0.01247
    ],
    [
      36,
      0.01266
    ],
    [
      37,
      0.01055
    ],
    [
      38,
      0.01087
    ],
    [
      39,
      0.00864
    ],
    [
      40,
      0.00833
    ],
    [
      41,
      0.00883
    ],
    [
      42,
      0.01011
    ],
    [
      43,
      0.00844
    ],
    [
      44,
      0.00762
    ],
    [
      45,
      0.00781
    ],
    [
      46,
      0.00765
    ],
    [
      47,
      0.00777
    ],
    [
      48,
      0.00754
    ],
    [
      49,
      0.00821
    ],
    [
      50,
      0.00805
    ],
    [
      51,
      0.00689
    ],
    [
      52,
      0.00649
    ],
    [
      53,
      0.00633
    ],
    [
      54,
      0.00591
    ],
    [
      55,
      0.00543
    ],
    [
      56,
      0.0053
    ],
    [
      57,
      0.00501
    ],
    [
      58,
      0.00531
    ],
    [
      59,
      0.00514
    ],
    [
      60,
      0.00502
    ],
    [
      61,
      0.00488
    ],
    [
      62,
      0.00508
    ],
    [
      63,
      0.00448
    ],
    [
      64,
      0.0046
    ],
    [
      65,
      0.00483
    ],
    [
      66,
      0.00457
    ],
    [
      67,
      0.00469
    ],
    [
      68,
      0.00542
    ],
    [
      69,
      0.0055
    ],
    [
      70,
      0.00557
    ],
    [
      71,
      0.005
    ],
    [
      72,
      0.00403
    ],
    [
      73,
      0.00401
    ],
    [
      74,
      0.00406
    ],
    [
      75,
      0.00377
    ],
    [
      76,
      0.00375
    ],
    [
      77,
      0.00355
    ],
    [
      78,
      0.00378
    ],
    [
      79,
      0.00373
    ],
    [
      80,
      0.00358
    ],
    [
      81,
      0.00338
    ],
    [
      82,
      0.00381
    ],
    [
      83,
      0.00331
    ],
    [
      84,
      0.00333
    ],
    [
      85,
      0.00322
    ],
    [
      86,
      0.00286
    ],
    [
      87,
      0.00329
    ],
    [
      88,
      0.00294
    ],
    [
      89,
      0.00323
    ],
    [
      90,
      0.00325
    ],
    [
      91,
      0.00338
    ],
    [
      92,
      0.00295
    ],
    [
      93,
      0.00307
    ],
    [
      94,
      0.00289
    ],
    [
      95,
      0.0032
    ],
    [
      96,
      0.00279
    ],
    [
      97,
      0.00264
    ],
    [
      98,
      0.00285
    ],
    [
      99,
      0.00272
    ],
    [
      100,
      0.00299
    ]
  ],
  "acc": [
    [
      1,
      0.10058
    ],
    [
      2,
      0.25238
    ],
    [
      3,
      0.23297
    ],
    [
      4,
      0.16368
    ],
    [
      5,
      0.20466
    ],
    [
      6,
      0.19566
    ],
    [
      7,
      0.19079
    ],
    [
      8,
      0.20863
    ],
    [
      9,
      0.19356
    ],
    [
      10,
      0.17619
    ],
    [
      11,
      0.18524
    ],
    [
      12,
      0.17425
    ],
    [
      13,
      0.1887
    ],
    [
      14,
      0.19833
    ],
    [
      15,
      0.19749
    ],
    [
      16,
      0.19707
    ],
    [
      17,
      0.19492
    ],
    [
      18,
      0.19508
    ],
    [
      19,
      0.19602
    ],
    [
      20,
      0.19963
    ],
    [
      21,
      0.19801
    ],
    [
      22,
      0.20419
    ],
    [
      23,
      0.20455
    ],
    [
      24,
      0.20628
    ],
    [
      25,
      0.21041
    ],
    [
      26,
      0.20942
    ],
    [
      27,
      0.21287
    ],
    [
      28,
      0.2102
    ],
    [
      29,
      0.21418
    ],
    [
      30,
      0.21413
    ],
    [
      31,
      0.21816
    ],
    [
      32,
      0.21983
    ],
    [
      33,
      0.22355
    ],
    [
      34,
      0.21737
    ],
    [
      35,
      0.22391
    ],
    [
      36,
      0.21753
    ],
    [
      37,
      0.22423
    ],
    [
      38,
      0.22177
    ],
    [
      39,
      0.22166
    ],
    [
      40,
      0.22214
    ],
    [
      41,
      0.22182
    ],
    [
      42,
      0.22156
    ],
    [
      43,
      0.2225
    ],
    [
      44,
      0.22339
    ],
    [
      45,
      0.22125
    ],
    [
      46,
      0.2203
    ],
    [
      47,
      0.22339
    ],
    [
      48,
      0.2192
    ],
    [
      49,
      0.2237
    ],
    [
      50,
      0.22287
    ],
    [
      51,
      0.22287
    ],
    [
      52,
      0.22569
    ],
    [
      53,
      0.22381
    ],
    [
      54,
      0.22454
    ],
    [
      55,
      0.22287
    ],
    [
      56,
      0.22025
    ],
    [
      57,
      0.22302
    ],
    [
      58,
      0.22177
    ],
    [
      59,
      0.22684
    ],
    [
      60,
      0.22815
    ],
    [
      61,
      0.2224
    ],
    [
      62,
      0.22255
    ],
    [
      63,
      0.22208
    ],
    [
      64,
      0.22182
    ],
    [
      65,
      0.2225
    ],
    [
      66,
      0.22093
    ],
    [
      67,
      0.22083
    ],
    [
      68,
      0.22486
    ],
    [
      69,
      0.22214
    ],
    [
      70,
      0.22501
    ],
    [
      71,
      0.22575
    ],
    [
      72,
      0.2237
    ],
    [
      73,
      0.22308
    ],
    [
      74,
      0.22533
    ],
    [
      75,
      0.22271
    ],
    [
      76,
      0.21701
    ],
    [
      77,
      0.2213
    ],
    [
      78,
      0.22266
    ],
    [
      79,
      0.22302
    ],
    [
      80,
      0.22135
    ],
    [
      81,
      0.22114
    ],
    [
      82,
      0.21952
    ],
    [
      83,
      0.2202
    ],
    [
      84,
      0.22161
    ],
    [
      85,
      0.22145
    ],
    [
      86,
      0.21811
    ],
    [
      87,
      0.22119
    ],
    [
      88,
      0.22109
    ],
    [
      89,
      0.21931
    ],
    [
      90,
      0.22051
    ],
    [
      91,
      0.22072
    ],
    [
      92,
      0.21758
    ],
    [
      93,
      0.21973
    ],
    [
      94,
      0.22114
    ],
    [
      95,
      0.22151
    ],
    [
      96,
      0.21915
    ],
    [
      97,
      0.22093
    ],
    [
      98,
      0.21826
    ],
    [
      99,
      0.22088
    ],
    [
      100,
      0.21716
    ]
  ],